{
	"mean": [68.70511627197266, 64.54254150390625, 66.18392181396484],
	"std": [76.49213639737272, 74.09419876057855, 75.21586759690676]
}