{
	"minmax": {
		"mean": [0.0, 0.0, 0.0],
		"std": [255.0, 255.0, 255.0]
	},
	"mean": {
		"mean": [127.5, 127.5, 127.5],
		"std": [127.5, 127.5, 127.5]
	},
	"duke_1": {
		"mean": [68.70511627197266, 64.54254150390625, 66.18392181396484],
		"std": [76.49213639737272, 74.09419876057855, 75.21586759690676]
		},
	"duke_2": {
	    "mean": [65.52493286132812, 62.077606201171875, 63.31231689453125],
    	"std": [73.14532925092105, 71.81914103798421, 72.50936895429687]
	},
	"ucf_1": {
		"mean": [103.93633274459975, 111.48906302347548, 110.33349497595785],
    	"std": [38.46651506856409, 37.86703316153709, 37.613393411718754]
    	},
    "ucf_2":{
    	"mean": [67.35786437988281, 71.79644012451172, 71.00626373291016],
    	"std": [74.13420924329925, 75.68072897909536, 75.08506974056154]
		},
	"resnet": {
		"mean": [0.406, 0.456, 0.485],
		"std": [0.225, 0.224, 0.229]
		}
}