{
    "mean": [
        62.672576904296875,
        67.94207763671875,
        73.23005676269531
    ],
    "std": [
        69.53055571008134,
        72.10994263012867,
        76.79029298374138
    ]
}